Nombre;Apellido 1;Apellido 2;ID;497623
Pedro;Torres;MartÃ­nez;P1239;497634
Ana;Gutierrez;López;P1238;497632
Lucas;García;García;P1235;497639
Sofía;Sánchez;González;P1236;497639
Ana;Gutierrez;López;P1238;497629
Ana;Gutierrez;López;P1238;497626
Lucas;García;García;P1235;497631
Ana;Gutierrez;López;P1238;497632
Ana;Gutierrez;López;P1238;497624
Diego;García;Rojas;P1241;497638
Camila;Ramírez;Jiménez;P1242;497638
Javier;González;Martínez;P1243;497638
María;García;Rivera;P1244;497638
Ricardo;Mendoza;Pérez;P1245;497638
Natalia;Martínez;Torres;P1246;497638
Jorge;Ortiz;Sánchez;P1247;497638
Daniela;Jiménez;López;P1248;497638
Andrés;Sánchez;Flores;P1249;497638
Laura;Rivera;Vargas;P1250;497638
Lucas;García;García;P1235;497635
Ana;Gutierrez;López;P1238;497624
Jorge;Ortiz;Sánchez;P1247;497630
Daniela;Jiménez;López;P1248;497633
Andrés;Sánchez;Flores;P1249;497633
Laura;Rivera;Vargas;P1250;497633
Cristian;Hernández;García;P1251;497633
Isabel;García;Gutierrez;P1252;497633
Tomás;Ramírez;Vargas;P1253;497633
Gabriela;Vargas;Martínez;P1254;497633
Federico;García;Pérez;P1255;497639
Lucía;Flores;Mendoza;P1256;497645
Fernando;Torres;Hernández;P1257;497645
Paula;Vargas;Gutierrez;P1258;497645
Sebastián;Gutierrez;Mendoza;P1259;497639
Clara;Flores;López;P1260;497639
Agustín;Pérez;González;P1261;497639
Carolina;Ramírez;García;P1262;497645
Héctor;Pérez;Rivera;P1263;497646
Alicia;Castro;Sánchez;P1264;497647
Santiago;Vargas;Rojas;P1265;497648
Elena;García;Vargas;P1266;497649
Rodrigo;Vargas;Jiménez;P1267;497650
Luz;Castro;Jiménez;P1268;497651
Manuel;López;García;P1269;497652
Carla;Morales;Torres;P1270;497653
Alejandro;Sánchez;Rivera;P1271;497654
Mónica;Castro;Morales;P1272;497655
Luis;Sánchez;Rojas;P1273;497646
Verónica;Ramírez;Morales;P1274;497646
Emilio;López;Pérez;P1275;497646
Patricia;Gutierrez;Vargas;P1276;497646
Hugo;Martínez;Flores;P1277;497646
Sara;Gutierrez;Martínez;P1278;497646
Gonzalo;Ortiz;Jiménez;P1279;497647
Mariana;Mendoza;Flores;P1280;497647
Pablo;González;Rivera;P1281;497647
Irene;Castro;Flores;P1282;497647
Vicente;Ramírez;Hernández;P1283;497642
Nadia;Hernández;González;P1284;497643
Ignacio;Pérez;Rojas;P1285;497644
Adriana;Ramírez;López;P1286;497645
César;Ramírez;Rojas;P1287;497646
Lorena;Chávez;Castro;P1288;497647
Ernesto;García;González;P1289;497648
Diana;Torres;Ramírez;P1290;497649
Raúl;García;Chávez;P1291;497650
Olga;Gutierrez;Rojas;P1292;497651
Felipe;Hernández;Flores;P1293;497652
Silvia;Jiménez;Chávez;P1294;497653
Ramiro;López;Gutierrez;P1295;497654
Gloria;Gutierrez;González;P1296;497655
Esteban;Rojas;Castro;P1297;497656
Alejandra;Morales;Hernández;P1298;497657
Óscar;Ortiz;Castro;P1299;497658
Bianca;Jiménez;Ortiz;P1300;497659
Fabián;Rojas;González;P1301;497660
Carmen;Flores;Flores;P1302;497661
Eduardo;Rivera;García;P1303;497662
Liliana;González;Jiménez;P1304;497663
Maximiliano;Rivera;Pérez;P1305;497664
Eva;Castro;Rojas;P1306;497665
Álvaro;Ortiz;García;P1307;497666
Renata;Pérez;Martínez;P1308;497667
Matías;Torres;Hernández;P1309;497668
Claudia;López;Sánchez;P1310;497669
Miguel;Gutierrez;Ortiz;P1311;497670
Julia;López;Morales;P1312;497642
Joaquín;Castro;Ramírez;P1313;497643
Florencia;Mendoza;García;P1314;497644
David;Sánchez;Chávez;P1315;497645
Elisa;Ortiz;Vargas;P1316;497646
Rafael;García;Flores;P1317;497647
Consuelo;Chávez;Jiménez;P1318;497648
Arturo;Ortiz;Hernández;P1319;497649
Cecilia;Martínez;Hernández;P1320;497650
Guillermo;López;Ortiz;P1321;497651
Milagros;Rojas;González;P1322;497652
Simón;Rivera;Mendoza;P1323;497653
Antonella;Vargas;Chávez;P1324;497654
Víctor;Rojas;García;P1325;497655
Estela;Castro;García;P1326;497656
Bruno;Rojas;Rivera;P1327;497657
Noelia;Rivera;Martínez;P1328;497658
Alberto;Chávez;Mendoza;P1329;497659
Rocío;Morales;Flores;P1330;497660
Julio;Chávez;Gutierrez;P1331;497661
Teresa;Hernández;Sánchez;P1332;497662
Enrique;Morales;Rojas;P1333;497663
Victoria;González;Rojas;P1334;497664
;;;;
;;;;
;;;;
;;;;
;;;;
Ana;Gutierrez;López;P1238;497623
Ana;Gutierrez;López;P1238;497623
Ana;Gutierrez;López;P1238;497623
Ana;Gutierrez;López;P1238;497623
Ana;Gutierrez;López;P1238;497623
Ana;Gutierrez;López;P1238;497623
Ana;Gutierrez;López;P1238;497623
Ana;Gutierrez;López;P1238;497623
Ana;Gutierrez;López;P1238;497623
Ana;Gutierrez;López;P1238;497629
